Comment,Designator,Footprint,LCSC,Quantity
2SK545,Q1,SC-59-3_L2.9-W1.5-P0.95-LS2.5-BR,C890130,1
5326-2P-RA,"J1,J3",CONN-TH_22-05-7025,C240819,2
CH224K,U3,ESSOP-10_L4.9-W3.9-P1.0-LS6.0-TL-EP,C970725,1
CL10B104KB8NNNC,"C1,C10,C3,C4,C7,C8,C9",C0603,C1591,7
CL10C681JB8NNNC,C11,C0603,C30816,1
CL21A225KBQNNNE,"C12,C5",C0805,C377773,2
CL21A226MPQNNNE,"C14,C2,C6",C0805,C29277,3
DESD5V0U1BL-7B,"D2,D3,D4,D5",X1-DFN1006-2_L1.0-W0.6-BI,C1869323,4
ESP32-S2-MINI-2-N4,U1,WIFI-SMD_ESP32-MINI-1-N4,C3013906,1
FPF2286UCX,U4,WLCSP-6_L1.2-W1.0-R2-C3-P0.40-BL,C891243,1
GRM31C5C1H224JE02L,"C13,C15,C16",C1206,C464977,3
HX TYPE-C 16P L10.0,J4,TYPE-C-SMD_20009-UCAF004-X,C41427495,1
LMV324IPWR,U5,TSSOP-14_L5.0-W4.4-P0.65-LS6.4-BL,C398929,1
MHT192CRCT,LED1,LED0603-RD,C389517,1
PAM8302AASCR,U6,MSOP-8_L3.0-W3.0-P0.65-LS5.0-BL,C113367,1
RC0603FR-07100KL,"R1,R18,R2,R4",R0603,C14675,4
RC0603FR-07330RL,R19,R0603,C105881,1
RC1206JR-071KL,R3,R1206,C112223,1
RT0603BRD07100KL,"R10,R9",R0603,C122538,2
RT0603BRD0710KL,"R11,R12,R13,R14,R15,R16,R6,R7,R8",R0603,C95204,9
RT0603BRD0733KL,R5,R0603,C705768,1
SM4007PL,D1,SOD-123F_L2.8-W1.8-LS3.7-RD,C64898,1
TC33X-2-103E,R17,RES-ADJ-SMD_3P-L3.0-W3.8-P1.75-BR,C719176,1
TPS62177DQCR,U2,WSON-10_L3.0-W2.0-P0.50-BL-EP,C91241,1
TS342A2P-WZ,"SW1,SW2",SW-SMD_L4.0-W2.9-LS5.0,C557591,2
VLS4012CX-100M-1,L1,IND-SMD_L4.0-W4.0,C2047717,1
