Designator,Val,Package,Mid X,Mid Y,Rotation,Layer
C1,CL10B104KB8NNNC,C0603,10.0,-28.8,270.0,bottom
C10,CL10B104KB8NNNC,C0603,36.0,-20.2,0.0,bottom
C11,CL10C681JB8NNNC,C0603,30.8,-18.2,90.0,top
C12,CL21A225KBQNNNE,C0805,27.2,-22.8,90.0,top
C13,GRM31C5C1H224JE02L,C1206,34.8,-15.7,0.0,top
C14,CL21A226MPQNNNE,C0805,43.1,-36.4,90.0,bottom
C15,GRM31C5C1H224JE02L,C1206,36.7,-37.1,0.0,top
C16,GRM31C5C1H224JE02L,C1206,36.7,-34.3,0.0,top
C2,CL21A226MPQNNNE,C0805,8.0,-28.2,270.0,bottom
C3,CL10B104KB8NNNC,C0603,36.0,-22.2,0.0,bottom
C4,CL10B104KB8NNNC,C0603,10.0,-19.4,90.0,bottom
C5,CL21A225KBQNNNE,C0805,4.2,-12.2,90.0,top
C6,CL21A226MPQNNNE,C0805,15.3,-13.5,180.0,top
C7,CL10B104KB8NNNC,C0603,32.1,-6.9,-90.0,top
C8,CL10B104KB8NNNC,C0603,42.0,-6.0,-90.0,top
C9,CL10B104KB8NNNC,C0603,47.0,-6.0,-90.0,top
D1,SM4007PL,SOD-123F_L2.8-W1.8-LS3.7-RD,23.3,-21.8,180.0,top
D2,DESD5V0U1BL-7B,X1-DFN1006-2_L1.0-W0.6-BI,6.5,-3.7,270.0,bottom
D3,DESD5V0U1BL-7B,X1-DFN1006-2_L1.0-W0.6-BI,9.1,-3.7,270.0,bottom
D4,DESD5V0U1BL-7B,X1-DFN1006-2_L1.0-W0.6-BI,6.9,-8.5,180.0,bottom
D5,DESD5V0U1BL-7B,X1-DFN1006-2_L1.0-W0.6-BI,10.5,-8.5,0.0,bottom
J1,5326-2P-RA,CONN-TH_22-05-7025,48.3175,-28.0,-90.0,top
J3,5326-2P-RA,CONN-TH_22-05-7025,48.3175,-12.0,-90.0,top
J4,HX TYPE-C 16P L10.0,TYPE-C-SMD_20009-UCAF004-X,8.0,-3.485,180.0,top
L1,VLS4012CX-100M-1,IND-SMD_L4.0-W4.0,10.6,-11.9,90.0,top
LED1,MHT192CRCT,LED0603-RD,20.0,-37.6,90.0,top
Q1,2SK545,SC-59-3_L2.9-W1.5-P0.95-LS2.5-BR,42.2,-18.3,0.0,top
R1,RC0603FR-07100KL,R0603,8.0,-19.4,270.0,bottom
R10,RT0603BRD07100KL,R0603,29.7,-26.5,90.0,top
R11,RT0603BRD0710KL,R0603,29.7,-30.5,90.0,top
R12,RT0603BRD0710KL,R0603,33.95,-24.3,180.0,top
R13,RT0603BRD0710KL,R0603,38.9,-15.4,90.0,top
R14,RT0603BRD0710KL,R0603,43.2,-22.4,-90.0,top
R15,RT0603BRD0710KL,R0603,43.9,-20.9,180.0,bottom
R16,RT0603BRD0710KL,R0603,41.2,-21.65,90.0,bottom
R17,TC33X-2-103E,RES-ADJ-SMD_3P-L3.0-W3.8-P1.75-BR,31.0,-35.575,90.0,top
R18,RC0603FR-07100KL,R0603,40.8,-31.2,270.0,bottom
R19,RC0603FR-07330RL,R0603,20.0,-34.3,-90.0,top
R2,RC0603FR-07100KL,R0603,7.4,-14.55,90.0,top
R3,RC1206JR-071KL,R1206,34.6,-6.1,90.0,top
R4,RC0603FR-07100KL,R0603,44.5,-3.9,180.0,top
R5,RT0603BRD0733KL,R0603,22.6,-18.9,0.0,top
R6,RT0603BRD0710KL,R0603,27.9,-19.6,0.0,bottom
R7,RT0603BRD0710KL,R0603,30.8,-18.8,270.0,bottom
R8,RT0603BRD0710KL,R0603,28.7,-18.2,90.0,top
R9,RT0603BRD07100KL,R0603,29.7,-22.55,90.0,top
SW1,TS342A2P-WZ,SW-SMD_L4.0-W2.9-LS5.0,5.5,-36.0,90.0,top
SW2,TS342A2P-WZ,SW-SMD_L4.0-W2.9-LS5.0,10.0,-36.0,-90.0,top
U1,ESP32-S2-MINI-2-N4,WIFI-SMD_ESP32-MINI-1-N4,12.3,-24.0,90.0,top
U2,TPS62177DQCR,WSON-10_L3.0-W2.0-P0.50-BL-EP,6.8,-11.1,-90.0,top
U3,CH224K,ESSOP-10_L4.9-W3.9-P1.0-LS6.0-TL-EP,27.0,-5.5825,90.0,top
U4,FPF2286UCX,WLCSP-6_L1.2-W1.0-R2-C3-P0.40-BL,44.5,-6.4,90.0,top
U5,LMV324IPWR,TSSOP-14_L5.0-W4.4-P0.65-LS6.4-BL,36.0,-20.2,180.0,top
U6,PAM8302AASCR,MSOP-8_L3.0-W3.0-P0.65-LS5.0-BL,43.0,-35.0,-90.0,top
